Point,"hb_comp_curve","hb_ocp1dbm_value","hb_peakPAE_value","hb_gainAt-20dbm_value","hb_PinAtOcp1dbm_value","hb_PAEAtOcp1dbm","hb_outputPowerW_curve","hb_outputPowerDBM_curve","hb_PAE_curve"
1,wave,3.25798999876043,7.32100572913812,17.3364469191303,-13.0418232435853,2.83035114925428,wave,wave,wave
2,wave,2.93671426811601,7.68639327973272,18.3793836469011,-14.4680599257246,2.58714377128209,wave,wave,wave
3,wave,3.25721090067742,7.95683456917581,17.7636260692432,-13.5003809491909,2.34527285419006,wave,wave,wave
4,wave,3.18443892976169,7.95201426990948,18.0089246174014,-13.8312746956307,2.32030572501922,wave,wave,wave
5,wave,3.26894111137445,7.31643969407393,17.3780445193094,-13.0800357872207,2.76649352908729,wave,wave,wave
6,wave,3.18483227425516,7.82975373169127,18.4703045138572,-14.2967014417028,2.56913350092008,wave,wave,wave
7,wave,3.26902818790317,7.84180916594386,18.1610304269067,-13.8948326067438,2.51506136640707,wave,wave,wave
8,wave,3.62987073233835,7.82737933639572,17.7068933338802,-13.0510042923165,2.66432821717832,wave,wave,wave
9,wave,3.14901851150952,7.52648178437668,17.8337571684399,-13.6694150211064,2.69126040022139,wave,wave,wave
10,wave,3.33384077926259,7.80918853177838,17.7697233010543,-13.4211025042014,2.55295756755175,wave,wave,wave
11,wave,3.04537885529654,7.71439094679169,18.2338931733783,-14.2010974942593,2.45432003612175,wave,wave,wave
12,wave,3.29590656468918,7.91444211632478,18.0523966153914,-13.7733342627641,2.41900034949944,wave,wave,wave
13,wave,3.2548529525775,8.05960836586972,18.7890546232731,-14.5507343517481,2.49938815912816,wave,wave,wave
14,wave,3.13710429654143,7.49970510191491,18.1467307339298,-14.0343602944318,2.787048258296,wave,wave,wave
15,wave,3.02885282003271,7.78211231582074,18.0212354675361,-13.9997970992423,2.31119907386498,wave,wave,wave
16,wave,3.03083438963455,8.07293871000488,18.3907096470078,-14.394595943197,2.19570540569434,wave,wave,wave
17,wave,3.19813574622041,7.54948948313359,18.0914640012999,-13.8847732028281,2.74539609679927,wave,wave,wave
18,wave,3.2578966568721,7.67445737813821,17.9148995135361,-13.6352156043078,2.60344656543116,wave,wave,wave
19,wave,3.45817252845318,7.59021758293943,17.149267203466,-12.6646296279588,2.61495815239373,wave,wave,wave
20,wave,3.18889638542613,8.31043344704652,18.923213395205,-14.7843097837057,2.20361793889783,wave,wave,wave
21,wave,3.17948624738182,7.43979678362705,17.6817575315932,-13.4765670856391,2.75572088894182,wave,wave,wave
22,wave,3.07057026383147,7.63816232253031,18.0250010532385,-13.9651149513063,2.54393783702193,wave,wave,wave
23,wave,3.42614732818626,7.92537844911797,17.9525296455898,-13.5121693834839,2.49337500705791,wave,wave,wave
24,wave,3.19855076898244,7.99727491966719,18.0472203176697,-13.8688224403681,2.28120078227395,wave,wave,wave
25,wave,3.12988541192131,7.70909228231405,18.0350382759797,-13.8908041382114,2.44409730133732,wave,wave,wave
26,wave,3.19056165411169,7.07006723458082,16.6869659304027,-12.469242691886,2.81066120898701,wave,wave,wave
27,wave,3.17897858777026,7.97557175475874,18.3793970298962,-14.2104194800668,2.41490764528822,wave,wave,wave
28,wave,3.5323450920725,8.18405957409863,18.1241950079709,-13.5647016874073,2.46968300533217,wave,wave,wave
29,wave,3.07278518308643,7.57989993250318,17.8775840835606,-13.8011402500095,2.58158113262472,wave,wave,wave
30,wave,2.91845452602778,7.81664092926723,18.3342305198672,-14.4436242799611,2.33703685157592,wave,wave,wave
31,wave,3.16662772507288,7.77677201498204,18.371331243114,-14.2155098490057,2.52101054890161,wave,wave,wave
32,wave,3.86084308793926,7.93283792154282,16.9453618851333,-12.0437407768452,2.67116612849205,wave,wave,wave
33,wave,3.21050760940977,8.00540017777599,18.2527882682098,-14.0548991544021,2.33088135863102,wave,wave,wave
34,wave,3.40552266154493,7.99655016754022,18.2857696670726,-13.876472693433,2.49674218934066,wave,wave,wave
35,wave,3.04904561059319,7.4978984932632,17.8609786060764,-13.823252592072,2.61780931215605,wave,wave,wave
36,wave,3.26739668145513,7.32739874971852,17.500739940838,-13.2041160561082,2.83425339390654,wave,wave,wave
37,wave,3.24005905197897,8.01154280724459,18.1302805876272,-13.8941841740079,2.36207643696217,wave,wave,wave
38,wave,3.15736573441328,7.70781103952801,18.1417683066965,-13.9941657667882,2.53209355238868,wave,wave,wave
39,wave,3.27506883076502,8.03015632665012,18.8475023241698,-14.6231165666445,2.57843135246856,wave,wave,wave
40,wave,2.99384756309146,7.37295202354109,17.9545028385212,-13.9814912403756,2.75614246089689,wave,wave,wave
41,wave,3.33716271667573,7.69491332342951,17.1619738093456,-12.8056371800253,2.45870568078667,wave,wave,wave
42,wave,3.06730024859171,7.98536202199149,18.6802398496973,-14.6539385092555,2.40199585786565,wave,wave,wave
43,wave,3.27890538120346,7.72121010769883,17.8914240643646,-13.5918393197933,2.61772448597855,wave,wave,wave
44,wave,3.20249582205559,7.54842606885209,18.0742175869529,-13.8524046298852,2.7740030856413,wave,wave,wave
45,wave,3.25092385650904,7.47553045830721,17.6044310220225,-13.3494635992011,2.70128766194305,wave,wave,wave
46,wave,3.1422790516537,7.98755602181908,18.0709874805947,-13.9362654905931,2.23259635913488,wave,wave,wave
47,wave,3.25015031717281,7.63624949659659,17.9771199875211,-13.718198796529,2.65430331586699,wave,wave,wave
48,wave,3.27732326613952,7.50194320035694,18.2315682912338,-13.9391838864954,2.88333716780592,wave,wave,wave
49,wave,3.0844643196134,8.00114340680496,18.3795209582652,-14.3125134288691,2.31050316294428,wave,wave,wave
50,wave,3.21521441103735,7.5308769761803,17.6006997988825,-13.380205215111,2.57034545951594,wave,wave,wave
51,wave,3.1986948681226,7.80747793038521,18.3172643725408,-14.125945878055,2.51878628723778,wave,wave,wave
52,wave,3.4593273279442,8.04191569971019,17.9846992194236,-13.510495268474,2.48909632194638,wave,wave,wave
53,wave,3.10554682390324,7.5552319764313,18.3006144098145,-14.1971252099375,2.83117867401607,wave,wave,wave
54,wave,2.93737486337298,7.91529857854035,18.4243373481595,-14.5118576697971,2.26147066752676,wave,wave,wave
55,wave,3.06525513699448,7.4692152566476,17.7065896052821,-13.6405315655359,2.64049923637694,wave,wave,wave
56,wave,3.10622765893366,7.50481884495837,17.8347072325884,-13.7153669043415,2.64730103751039,wave,wave,wave
57,wave,3.13898430123424,7.55299873117864,17.6199690063088,-13.479957902887,2.55453420880008,wave,wave,wave
58,wave,3.30423214005016,8.08344062029864,18.1332709839294,-13.8247345046233,2.35078377933315,wave,wave,wave
59,wave,3.40348799130903,7.47698527141951,17.5676587971715,-13.137880472669,2.79144419117911,wave,wave,wave
60,wave,3.1322670798776,7.9996323968095,18.1521972171378,-14.020223556188,2.25994565758659,wave,wave,wave
61,wave,3.22557920531067,8.23927337883575,18.6513309751798,-14.4545742454731,2.31185501421356,wave,wave,wave
62,wave,3.14725679573267,7.77428267326979,18.4644986103705,-14.3317799488572,2.58182901084796,wave,wave,wave
63,wave,3.38872053906551,7.68113958564108,17.7380547942318,-13.3312653099691,2.64911483421134,wave,wave,wave
64,wave,3.19358184860907,8.03822832045215,18.8202010435336,-14.6633741862227,2.46998351774655,wave,wave,wave
65,wave,3.46795329554414,7.81977464372876,17.6282117806076,-13.1343230399343,2.55639926830132,wave,wave,wave
66,wave,3.25977219876384,7.77376835718803,17.7626357586173,-13.4823569922421,2.4720537919322,wave,wave,wave
67,wave,3.23700271213115,7.07146313725079,17.355291195461,-13.0977853607529,3.06122578219484,wave,wave,wave
68,wave,2.8984195749663,7.71154297826377,18.282128877681,-14.4057280633362,2.39975378709504,wave,wave,wave
69,wave,3.29599738640122,7.88354614460366,18.4216529625785,-14.1385985876244,2.55127369042582,wave,wave,wave
70,wave,3.13432935427165,7.51094600264157,17.8843935051121,-13.7363950699176,2.68335161448401,wave,wave,wave
71,wave,3.4823432151365,8.12036563115719,17.7569480363539,-13.2653434301266,2.42445117714881,wave,wave,wave
72,wave,3.25544638297333,7.90608487671527,18.3018500961703,-14.0543307900857,2.46714392294032,wave,wave,wave
73,wave,3.01463716242465,7.79063739343816,18.1140085742838,-14.093916188281,2.39327005119795,wave,wave,wave
74,wave,3.1695671552176,7.29430358094279,17.3678272517475,-13.1704156207814,2.76315605099341,wave,wave,wave
75,wave,3.13248032489777,8.17103333179542,18.7052138228481,-14.6207976896214,2.25361422029089,wave,wave,wave
76,wave,3.4025289410807,8.0412114608598,17.9098974490022,-13.4821267377924,2.46193677514226,wave,wave,wave
77,wave,3.10250856096277,7.77834759880201,18.4250176025343,-14.3427843031936,2.55976683425591,wave,wave,wave
78,wave,3.41536727713206,7.44039833004175,17.1056205803463,-12.6573806847379,2.81071904073111,wave,wave,wave
79,wave,3.05713308206323,7.50027096829371,17.9483721244308,-13.9041148157873,2.62014206531111,wave,wave,wave
80,wave,3.07180814069852,7.72457827367524,17.9915072626841,-13.9368295066485,2.4051044912498,wave,wave,wave
81,wave,3.47000158199697,7.74476781986236,17.8047146859363,-13.3005030311395,2.67643909874098,wave,wave,wave
82,wave,3.12478054524782,7.81188069412847,18.5978522940141,-14.488342161808,2.67974888980203,wave,wave,wave
83,wave,3.3572749787434,7.85695693478624,17.8139607329984,-13.4382108604363,2.49904259992928,wave,wave,wave
84,wave,3.23515069941336,8.02531626736353,18.459476409612,-14.2435198719169,2.40829432125077,wave,wave,wave
85,wave,2.85725525237383,7.31180275673355,17.7654946788201,-13.9366514970049,2.72959514332296,wave,wave,wave
86,wave,3.19159650712657,7.76515734619378,18.0164059474139,-13.8049139589436,2.47712583917587,wave,wave,wave
87,wave,3.2404879826575,7.65942593638882,17.0907977339253,-12.836602836839,2.38955510661265,wave,wave,wave
88,wave,3.60598250079049,8.03338503843076,17.6679669725761,-13.0358993270867,2.54347240896563,wave,wave,wave
89,wave,3.24545482324775,7.78374055884877,18.4673766397899,-14.2439810296558,2.67161395992422,wave,wave,wave
90,wave,3.25454919908288,7.4449025896675,17.696005296632,-13.4215643131768,2.77980360838519,wave,wave,wave
91,wave,2.93328326552152,7.44579519570361,17.7917716262911,-13.866966575446,2.54008511138131,wave,wave,wave
92,wave,3.39730863493145,7.85140372431253,18.1886864256931,-13.7806316594167,2.57960342942424,wave,wave,wave
93,wave,3.2862530973965,8.04136504225899,18.2991464759382,-14.0205674853201,2.42696944758475,wave,wave,wave
94,wave,3.13722154495485,7.42857146317157,17.3637942288182,-13.2028143786238,2.59471280897896,wave,wave,wave
95,wave,2.9603061931969,8.22112515520712,18.8230980993091,-14.9240632008362,2.16797224860817,wave,wave,wave
96,wave,3.1664848085581,7.5457924784358,17.752919005208,-13.5845186874304,2.58689492926724,wave,wave,wave
97,wave,3.08257535348565,8.33096446738729,19.0176514149793,-14.9929370886002,2.18261261827679,wave,wave,wave
98,wave,3.28439068646663,7.72663307325856,18.1002529977038,-13.8170089822129,2.61513171147685,wave,wave,wave
99,wave,3.09611875163744,7.28640567306242,17.2087582263055,-13.0699359586709,2.67284463387184,wave,wave,wave
100,wave,3.33928511249714,7.62130982154833,17.2707836320524,-12.9061804087285,2.58125707127181,wave,wave,wave
101,wave,3.01596382372463,7.73266962875847,18.2878755360379,-14.2801235576019,2.47638568515158,wave,wave,wave
102,wave,3.47062708953178,7.9791202154739,17.6289400835433,-13.1454237608508,2.46078095155135,wave,wave,wave
103,wave,3.16430176554626,7.65071738457751,18.2212551396753,-14.0719020148693,2.64390569327723,wave,wave,wave
104,wave,3.09654030118921,7.63832334566787,17.8861646228766,-13.7775780770898,2.49088011863077,wave,wave,wave
105,wave,3.56161784095738,8.39176994643911,18.2350185123027,-13.6704169166069,2.27273446334233,wave,wave,wave
106,wave,3.27181745872692,8.15592864321565,18.7472299760279,-14.5132084472689,2.40235589098579,wave,wave,wave
107,wave,3.56587345502296,7.24876779611098,16.9115082026572,-12.3113056817634,2.99651589128426,wave,wave,wave
108,wave,3.03920109299639,7.60307309766203,18.1733814160777,-14.1526452972743,2.64100334803183,wave,wave,wave
109,wave,3.29970707344031,7.67242840033453,17.3044847700536,-12.974953930539,2.44497610402938,wave,wave,wave
110,wave,3.10380167875386,7.49020881170037,17.8763854519876,-13.7736693681562,2.72606001815466,wave,wave,wave
111,wave,3.52287792805613,7.993983263183,18.170646658047,-13.6303279389628,2.59186760368694,wave,wave,wave
112,wave,3.58937176464404,7.7907375204814,17.7989279667416,-13.1761762756362,2.74937196719477,wave,wave,wave
113,wave,3.13474777264967,7.62072177153114,17.727416607621,-13.5853882104823,2.4676712139274,wave,wave,wave
114,wave,3.29675514689575,7.84479676412657,17.8397763438093,-13.5358289103465,2.43963151267404,wave,wave,wave
115,wave,3.1232303257252,7.69296874295268,18.4800700180566,-14.3863698741752,2.73069375722941,wave,wave,wave
116,wave,3.30962694740702,7.70121717040081,17.646606410986,-13.3298196069872,2.59339541436489,wave,wave,wave
117,wave,3.26863263923051,8.10091160599915,18.29579006715,-14.0343693642237,2.30748108019634,wave,wave,wave
118,wave,3.20369916109162,7.62152315601208,18.1045732134714,-13.9135945163976,2.63319937309247,wave,wave,wave
119,wave,3.02069011340398,7.50423586450787,17.8345633857209,-13.7927635807037,2.60727083783627,wave,wave,wave
120,wave,3.13480549482257,7.45772712958016,18.0200811052331,-13.8966852652113,2.77308624285308,wave,wave,wave
121,wave,3.45549013747651,8.00227041488972,17.9425676242997,-13.4776239644201,2.50541275235261,wave,wave,wave
122,wave,2.94899006584024,7.84472001546125,18.0253923179594,-14.1033870740567,2.19784743469553,wave,wave,wave
123,wave,3.42196791265042,8.13859132400026,18.3926104874951,-13.9693587162287,2.483663212075,wave,wave,wave
124,wave,3.17813874887045,7.53446693726354,17.7696806497918,-13.5787151600441,2.6237081322797,wave,wave,wave
125,wave,3.17055511440032,8.4418428663943,19.3277505327574,-15.2278642036202,2.1598645915643,wave,wave,wave
126,wave,3.14115368730625,8.09196425932486,18.638325579564,-14.5250445963399,2.37453194031471,wave,wave,wave
127,wave,3.15872677017055,7.13276882653465,17.0530601249513,-12.8594010477404,2.83246237260451,wave,wave,wave
128,wave,3.24090129990991,8.12783834776765,18.5597380243628,-14.3284187648469,2.4274903030117,wave,wave,wave
129,wave,3.37149772699936,7.47580895949138,16.6227260422001,-12.2231476140463,2.56304087502781,wave,wave,wave
130,wave,3.14114649420006,7.53059807746299,18.0137940888997,-13.8712176686775,2.76979170556622,wave,wave,wave
131,wave,3.08184279861526,7.45195790530051,17.6881654464371,-13.60107893035,2.63071252241482,wave,wave,wave
132,wave,3.19905970950604,7.78815525181474,18.4472696838782,-14.2640374598524,2.62458348230426,wave,wave,wave
133,wave,3.59010885212759,7.95378279883593,17.4581564133591,-12.8499582275414,2.48774578361838,wave,wave,wave
134,wave,3.20587147827042,7.86970877190237,17.7311336629368,-13.5047899911292,2.32968474637849,wave,wave,wave
135,wave,3.26985490732866,7.67000407091043,18.0655953737383,-13.7942705407646,2.6935755366925,wave,wave,wave
136,wave,2.75840339453625,7.2524759084496,17.6873582556778,-13.9353875635805,2.67524083436815,wave,wave,wave
137,wave,3.22527514096934,7.95641613727182,18.3327715383533,-14.1275596842819,2.429161903737,wave,wave,wave
138,wave,3.33168148456154,8.02397696052846,18.378617187192,-14.0587228067084,2.4327523649872,wave,wave,wave
139,wave,3.15259450657473,7.62679252803736,17.742690509069,-13.5701131000734,2.48668555510701,wave,wave,wave
140,wave,3.43299112335193,7.67239181601334,17.7774011952919,-13.3216343659938,2.69899103176059,wave,wave,wave
141,wave,3.11576435738922,7.83047644552054,18.1624443428176,-14.0561229734354,2.41947457097862,wave,wave,wave
142,wave,3.4052706414919,7.92143993622039,17.8436013611223,-13.4130512846359,2.49595955799304,wave,wave,wave
143,wave,3.24513313920876,7.68801155861501,18.2900741632122,-14.0624409565439,2.72652684260517,wave,wave,wave
144,wave,3.09747587141103,7.6577819814724,18.1629929774208,-14.0686138483036,2.57606673547141,wave,wave,wave
145,wave,3.33195490865887,7.80665027197081,17.4951273789129,-13.140183450627,2.47354222697618,wave,wave,wave
146,wave,3.39920949178021,8.14666095211765,18.0320907780506,-13.6169786987698,2.34507422663325,wave,wave,wave
147,wave,3.41401108388187,7.62819226999644,17.934175636407,-13.5114532996629,2.76218056467539,wave,wave,wave
148,wave,3.05436834399243,7.71060262089667,17.9354873258887,-13.8663133869076,2.40818802686168,wave,wave,wave
149,wave,3.20400855651657,7.89685855747402,18.4258339441318,-14.241961571845,2.48516667998338,wave,wave,wave
150,wave,3.14692465321396,8.42020515703666,19.1412941039543,-15.063344065004,2.1978883302889,wave,wave,wave
151,wave,3.15472075985319,7.29014109173159,17.3759903911391,-13.2020451658106,2.73664447534886,wave,wave,wave
152,wave,3.28099919364162,7.61762744169499,17.4173259628206,-13.1101485567225,2.57017702256916,wave,wave,wave
153,wave,2.98258750628424,7.68373113125743,18.1609063985659,-14.2022056414673,2.40912266193663,wave,wave,wave
154,wave,3.54947693069963,8.11226889361799,17.8275093993057,-13.2592279747333,2.47511756210407,wave,wave,wave
155,wave,3.15385290368955,7.54957515337907,18.1431933245675,-13.9863623412886,2.78174206012319,wave,wave,wave
156,wave,3.08376037690931,7.21950672357228,17.4298004032469,-13.3248951381921,2.80115302039044,wave,wave,wave
157,wave,3.13017573375023,8.00289360022849,18.6738704794374,-14.5913078465392,2.41568320409485,wave,wave,wave
158,wave,2.99847523524572,7.84934614372309,18.3661001653504,-14.4143979944848,2.26764033811957,wave,wave,wave
159,wave,3.25699508783066,7.72903236278512,17.6962291504028,-13.4205099070156,2.50729267175616,wave,wave,wave
160,wave,3.07809897939819,7.84275408426029,18.5301160988041,-14.5024825636898,2.47280018546917,wave,wave,wave
161,wave,3.24110254528183,7.68110786452762,17.87446548164,-13.6071783292972,2.60791271483706,wave,wave,wave
162,wave,3.19815409410606,7.14096709171501,16.8490281067514,-12.6167500657482,2.82827005200637,wave,wave,wave
163,wave,3.20873628269178,7.93337605634646,18.2448140474245,-14.0385469320748,2.40685761799627,wave,wave,wave
164,wave,3.43453579586618,7.93685778449353,17.8988593231221,-13.4602258485354,2.49589458959442,wave,wave,wave
165,wave,3.1965628463712,7.63407877169578,18.283298672285,-14.0906713260004,2.7336518690842,wave,wave,wave
166,wave,3.43638939124356,8.16694765272907,18.4025293580514,-13.9721698520186,2.46093590402274,wave,wave,wave
167,wave,3.0098621177813,7.76532955636643,17.9706156018936,-13.9684421188691,2.30464594196047,wave,wave,wave
168,wave,3.18759040482122,8.23187126408378,18.5956051080672,-14.4405962861269,2.23671311941824,wave,wave,wave
169,wave,3.30103945400216,7.64912388234539,17.7491311477508,-13.4412511387804,2.59462504571907,wave,wave,wave
170,wave,3.05879814682335,7.62942547643229,18.0723449142743,-14.0118694612354,2.52973749714216,wave,wave,wave
171,wave,3.25131296708056,7.88529700371533,18.7107144576203,-14.4849762579677,2.63586804883168,wave,wave,wave
172,wave,3.15064021103385,7.66473166436905,17.7582420147356,-13.5880844062251,2.48697629238835,wave,wave,wave
173,wave,3.5201685887483,7.76369568509426,17.8059261694948,-13.2649299793919,2.70616472810882,wave,wave,wave
174,wave,3.12599723623705,7.44847801480629,17.9886015131492,-13.8951988454326,2.78893954692901,wave,wave,wave
175,wave,3.30302023540065,8.07301092177325,17.9054385084396,-13.6029748733206,2.2576360796766,wave,wave,wave
176,wave,3.28770455323597,7.78914523713684,17.8083975826093,-13.5035914092798,2.5068446229198,wave,wave,wave
177,wave,3.13722325289176,7.60470822958585,18.1628393192418,-14.0329395894372,2.70371718229296,wave,wave,wave
178,wave,3.56709430593587,7.71891323468814,16.9600074084143,-12.3615486566093,2.57773980350002,wave,wave,wave
179,wave,3.10197312200989,8.15793060139929,18.5664222407143,-14.5045583997481,2.24683880823023,wave,wave,wave
180,wave,3.16511798468787,7.61060533489943,18.0941505878891,-13.9415343739379,2.62618136249891,wave,wave,wave
181,wave,3.06662121639046,7.44002035091046,17.5096150801116,-13.4149829447245,2.54548532103148,wave,wave,wave
182,wave,3.40601754041791,7.19226192189761,17.0191060026848,-12.5851540138218,2.96306144901878,wave,wave,wave
183,wave,3.27149070974365,8.19264329390994,18.808159399215,-14.5611247011251,2.44130987372521,wave,wave,wave
184,wave,3.00209987918081,7.55902922656177,17.9200384217294,-13.9277632210356,2.45214718349914,wave,wave,wave
185,wave,3.38460049829979,7.87457452373215,18.3145078152133,-13.9229088679428,2.60687155005192,wave,wave,wave
186,wave,3.33956305058672,8.27860117355454,18.5540287497143,-14.2268358210861,2.35881865693562,wave,wave,wave
187,wave,3.47931905491563,7.88696463566672,17.2818116834857,-12.7792449550669,2.44514155351826,wave,wave,wave
188,wave,3.10348739385189,8.29475827899694,19.0604772319479,-15.031502449928,2.20316426333738,wave,wave,wave
189,wave,3.18064098834615,7.58981032438792,17.892912251559,-13.6994224391592,2.6373522004812,wave,wave,wave
190,wave,3.0417950935457,7.30572173044429,17.3876225550931,-13.3161882323723,2.68197402539464,wave,wave,wave
191,wave,3.26569633696058,7.72680684334668,18.2406045176007,-13.9742095582291,2.67225763757174,wave,wave,wave
192,wave,3.07048635711861,7.49596511868219,17.8282784429484,-13.7418082483005,2.68772521742929,wave,wave,wave
193,wave,3.43874462347053,7.93561141568839,18.0011441403848,-13.5482185043072,2.51153101304563,wave,wave,wave
194,wave,3.17032734975166,7.749385562008,18.3965245528767,-14.2483339963554,2.554875371011,wave,wave,wave
195,wave,2.95762921405485,7.85382266195745,18.485474020001,-14.5468039253274,2.42088692688172,wave,wave,wave
196,wave,3.08199174515771,7.72428622977878,18.1746489285903,-14.0923298535932,2.47535753002436,wave,wave,wave
197,wave,3.18708331431439,7.73184205511654,17.5878754398488,-13.3936001759749,2.39970011303064,wave,wave,wave
198,wave,3.15792432356117,7.74361086998812,17.923220981914,-13.77182352188,2.41388977982535,wave,wave,wave
199,wave,3.6599842274467,8.02096062186876,17.9229986335018,-13.2259474826515,2.63458782112302,wave,wave,wave
200,wave,3.21969753586224,7.55626757408444,17.749212399177,-13.5127200432502,2.66238836430593,wave,wave,wave
201,wave,3.16561980525383,7.86925782175814,18.6352888060897,-14.5155919788887,2.63252877190449,wave,wave,wave
202,wave,3.4274283672473,7.99745490204,18.0124581165404,-13.5816198035721,2.47290348076426,wave,wave,wave
203,wave,3.07168374952983,7.52156132802634,17.7070051565174,-13.6297404125634,2.53055272378792,wave,wave,wave
204,wave,3.17388561071006,7.30257143376617,16.955467417566,-12.756511904102,2.62974264720615,wave,wave,wave
205,wave,3.03236724959676,8.24774014462459,18.6240448878352,-14.6406206270189,2.07570114382949,wave,wave,wave
206,wave,3.45986707718558,7.77136527017948,17.6096665758473,-13.1347479295507,2.62340731042274,wave,wave,wave
207,wave,3.34032067011136,7.82721496876684,18.0867412666763,-13.7225673350114,2.55592669650688,wave,wave,wave
208,wave,3.23917052772183,7.85235286578188,18.3602909364656,-14.1384875660977,2.49817974704058,wave,wave,wave
209,wave,3.33878485794781,7.96815409726905,17.9952604453747,-13.6616890605422,2.41457451045124,wave,wave,wave
210,wave,2.98494924454385,7.85542314217428,18.1930911581608,-14.2253092910527,2.32415553431938,wave,wave,wave
211,wave,3.16583229118244,7.49731166064269,18.1116042533281,-13.9695725880647,2.80478941248344,wave,wave,wave
212,wave,3.17279240755452,7.58356527073572,17.9799835341719,-13.8054609402767,2.67590900106573,wave,wave,wave
213,wave,3.85824716050133,7.77858629470691,16.6363292757354,-11.7368338881529,2.75808095127071,wave,wave,wave
214,wave,3.04794726361411,7.8274737322215,18.4935522323256,-14.4767720994554,2.44645764248714,wave,wave,wave
215,wave,3.33769645492124,7.68990757392484,17.7531491863336,-13.3950637239545,2.59175741433998,wave,wave,wave
216,wave,3.34268413076169,7.57957748644764,17.7904388627315,-13.4278843397929,2.74696065545847,wave,wave,wave
217,wave,3.16208521957753,7.43674502927629,17.5695382322143,-13.3760882925651,2.72959949616518,wave,wave,wave
218,wave,3.27198968637824,7.88619690004546,18.1351011110431,-13.8769466373054,2.45182526677992,wave,wave,wave
219,wave,3.25184424014632,8.19717356349312,18.8936427089539,-14.6586495178112,2.4337879917577,wave,wave,wave
220,wave,3.33711381218523,7.56101476424055,17.4150759081826,-13.0513814747148,2.68263545784238,wave,wave,wave
221,wave,3.05912401755031,7.48003754345965,17.8684152904415,-13.8052141043996,2.60035645242684,wave,wave,wave
222,wave,3.26015359528995,8.37444054561861,18.7682002026797,-14.5560243366697,2.21090636604315,wave,wave,wave
223,wave,2.94160424455088,7.69592811953227,18.2596834673799,-14.3299851679883,2.46878435320713,wave,wave,wave
224,wave,3.20781159632214,8.19252671885675,18.4598782110169,-14.2898310634574,2.22057352821117,wave,wave,wave
225,wave,2.89195178346147,7.43815489278387,17.8050398677962,-13.9083661884834,2.55372308923452,wave,wave,wave
226,wave,3.46108084528633,7.86642018947372,17.861675810992,-13.3755913558801,2.61582446795377,wave,wave,wave
227,wave,3.12811603838238,7.7881312688657,18.4001593248126,-14.2917661777454,2.49416518541654,wave,wave,wave
228,wave,3.20088018602032,7.62258439631197,17.8081747919727,-13.6027206883153,2.55868694509666,wave,wave,wave
229,wave,3.11942457354883,7.69903357662184,18.2771171408695,-14.1617723022896,2.63771767686388,wave,wave,wave
230,wave,3.45368985350856,7.63273882335054,18.0997688596107,-13.6228668602319,2.80652237746569,wave,wave,wave
231,wave,3.31150896715465,8.11145784829332,18.1425842973265,-13.8390616081741,2.25324824389382,wave,wave,wave
232,wave,3.11576486569345,8.161344892924,18.8462262737436,-14.7712762631448,2.32326068593599,wave,wave,wave
233,wave,3.4257219004584,7.99695849430465,18.0411648268327,-13.6086451824313,2.49896914945818,wave,wave,wave
234,wave,3.0554237185178,7.33630301455476,17.5055022802719,-13.4387055845611,2.68174357102637,wave,wave,wave
235,wave,2.92655919690451,7.87593864776594,18.5215088121842,-14.6315001096438,2.33809840330107,wave,wave,wave
236,wave,3.09713360112764,7.90105883010988,18.2227676712848,-14.1242306751134,2.37364090953953,wave,wave,wave
237,wave,3.09885525991369,7.17217600709802,17.4627411430621,-13.339905776805,2.85253965390663,wave,wave,wave
238,wave,3.17614280035532,7.6420404975343,17.9987712578355,-13.810944134685,2.59011521959952,wave,wave,wave
239,wave,3.71998095363564,8.36547300293613,17.5294732998753,-12.7911311713398,2.37466884950359,wave,wave,wave
240,wave,3.31012494181413,7.58373810694314,17.7017168509726,-13.3782613365697,2.66208400109564,wave,wave,wave
241,wave,3.20126857200718,7.83398266499217,18.5805816532276,-14.3875851602195,2.65346605074795,wave,wave,wave
242,wave,3.25501312528196,7.60061790786945,17.9102760760032,-13.6395682856238,2.65503112997507,wave,wave,wave
243,wave,3.08461011848043,8.17837634939774,18.3924545504661,-14.3386201233979,2.14214758786915,wave,wave,wave
244,wave,3.24215332266561,7.33181868662636,17.6915580751973,-13.4175593638103,2.91897691625941,wave,wave,wave
245,wave,2.99843151819707,7.48555520488484,17.9440665694124,-13.9650705739373,2.61673861739032,wave,wave,wave
246,wave,3.27190909618369,7.52654572908976,17.3641614460879,-13.0572943742954,2.58671567229941,wave,wave,wave
247,wave,2.97731194779785,7.98817655894642,18.6605860819613,-14.7339409300736,2.34195675209251,wave,wave,wave
248,wave,3.1964894513542,7.82973688822289,17.917613582011,-13.7111506056146,2.42551301453045,wave,wave,wave
249,wave,3.21559663381056,7.36380998188517,17.6788273074982,-13.4425343105722,2.8542230670864,wave,wave,wave
250,wave,3.18578344212271,8.01257785150835,18.8287776268926,-14.6844146886016,2.53193377805334,wave,wave,wave
251,wave,3.39945315795603,8.18342683430248,18.0485362045216,-13.6519079963338,2.28167915576518,wave,wave,wave
252,wave,3.20323490095126,7.74956281373271,18.0628477709696,-13.8555509007394,2.4491587956094,wave,wave,wave
253,wave,3.67334681969913,7.84898904095179,17.3806088468667,-12.6776085730994,2.67128432355643,wave,wave,wave
254,wave,3.04755275834543,7.62424673783067,18.224757896745,-14.1914852138494,2.6577164320412,wave,wave,wave
255,wave,3.30849792812954,7.64711323506968,17.2322493977745,-12.9020752339537,2.50567728510453,wave,wave,wave
256,wave,2.86108186010726,7.49499549252055,17.8271403540688,-13.9856205063604,2.39685042161693,wave,wave,wave
257,wave,3.29636363219638,7.74482881729163,18.1487405904163,-13.8408781791406,2.67977837813025,wave,wave,wave
258,wave,3.17734615491588,7.70509417396668,18.3505882499884,-14.1963249133927,2.62376233052819,wave,wave,wave
259,wave,3.09461771072521,7.51296025089739,17.7591440425524,-13.6435867992067,2.5880513286364,wave,wave,wave
260,wave,3.53076048578094,7.87316558195725,17.9604242410907,-13.4087439668221,2.64441257955157,wave,wave,wave
261,wave,3.13397041548897,7.58241650819518,17.7316490494372,-13.5750678451308,2.52652767274192,wave,wave,wave
262,wave,3.32131611169325,8.01937958771204,18.0893552620329,-13.7672863668761,2.38404216300812,wave,wave,wave
263,wave,3.37378658429067,7.75965020277341,18.3955799782085,-14.0458609266093,2.77516879865066,wave,wave,wave
264,wave,3.12651565412352,8.04449538020052,18.5720062146423,-14.4735771183772,2.41348013015641,wave,wave,wave
265,wave,3.27707531627469,7.80270864041742,18.3599913959108,-14.0985088351686,2.53314341094052,wave,wave,wave
266,wave,3.02504701031395,8.11082207006822,18.6485232547881,-14.6701008368569,2.24630342181983,wave,wave,wave
267,wave,3.16045269655061,7.45940276664881,17.5305687393987,-13.3456604846648,2.66241567732939,wave,wave,wave
268,wave,3.37231248475404,8.05462519554524,18.4968619262158,-14.1230720068285,2.53396926886084,wave,wave,wave
269,wave,3.47672715356337,7.53827450529646,17.2635844893717,-12.7535249083931,2.68823560928382,wave,wave,wave
270,wave,2.96693229001649,7.56376316157527,17.6411867991248,-13.6733941671404,2.36856631020131,wave,wave,wave
271,wave,3.36245152414025,7.82260664850716,18.0790746619956,-13.7016927267392,2.59370219935592,wave,wave,wave
272,wave,3.37946888589831,7.98181132149716,18.6162841992659,-14.2459489547073,2.62478464309605,wave,wave,wave
273,wave,3.03107534877758,7.69695976741552,18.0948709358596,-14.0714504413973,2.42080044961062,wave,wave,wave
274,wave,3.40449557250588,8.14422339622643,17.9959268648703,-13.600210313129,2.35455219526592,wave,wave,wave
275,wave,3.11171703715809,7.67428060739306,18.2691387576587,-14.1623307941544,2.63595559283258,wave,wave,wave
276,wave,3.21418356925029,7.52019356459907,17.6291112636916,-13.3975477141918,2.65341526904626,wave,wave,wave
277,wave,3.08047708174629,8.27739190024006,18.7366654702603,-14.7101309031058,2.08192335422422,wave,wave,wave
278,wave,3.37400181626879,7.7135105018503,17.9779063350257,-13.6016564021272,2.69753999599954,wave,wave,wave
279,wave,3.20674618569888,7.5361483803498,17.4777841488715,-13.2387631622011,2.5799679028577,wave,wave,wave
280,wave,3.28699949278562,8.05371170307187,18.3705108050339,-14.0762903053011,2.43307494517006,wave,wave,wave
281,wave,3.26852797527451,7.54437607195398,17.408390570097,-13.1072574923208,2.60237215832947,wave,wave,wave
282,wave,3.1473620659296,7.65665295129592,17.9550216226189,-13.7944723079724,2.50110047389383,wave,wave,wave
283,wave,3.49776162038691,7.82222306035162,18.1045008153592,-13.5959816540538,2.64557984835516,wave,wave,wave
284,wave,2.96930665779995,7.65349437732722,18.0047451668715,-14.0388504850941,2.40012045788311,wave,wave,wave
285,wave,3.14785707375325,7.95774010275093,18.4888317186531,-14.3667309395227,2.4001431433049,wave,wave,wave
286,wave,3.18018453673647,7.90784698587987,17.7278431780181,-13.5393414939571,2.33810767718026,wave,wave,wave
287,wave,3.30384083855927,7.66915898552104,17.9723548851483,-13.6601474710425,2.6800991759384,wave,wave,wave
288,wave,3.19188023497876,7.8961915565532,18.3441505644475,-14.1591951906284,2.45871727043744,wave,wave,wave
289,wave,3.16657705197141,7.29742757652687,17.374129222111,-13.200741015119,2.75419810890474,wave,wave,wave
290,wave,3.11196908844357,7.77902281401918,18.0916553606453,-13.967675266003,2.42953196803817,wave,wave,wave
291,wave,3.22845978789558,8.08144770528077,18.7550563941086,-14.5621035068453,2.44061122964114,wave,wave,wave
292,wave,2.99285393002876,7.52337830072559,17.7329422227745,-13.7423932606275,2.46379697218139,wave,wave,wave
293,wave,3.46747964288273,7.72752201861484,17.7787705517078,-13.2984533165329,2.67466437509131,wave,wave,wave
294,wave,3.17752087389612,7.69477548724723,18.2369889833729,-14.0613836856856,2.60430171256811,wave,wave,wave
295,wave,3.36888102720185,7.80907509558031,17.6558512976341,-13.2624868306868,2.51143166776735,wave,wave,wave
296,wave,3.14037489359777,7.93364226232185,18.6568286700177,-14.5573430763905,2.48812900526426,wave,wave,wave
297,wave,3.29824699151446,7.76400515215686,17.987565803367,-13.6707468339535,2.60760286202901,wave,wave,wave
298,wave,3.12663242331048,7.27288469675205,17.249236880251,-13.0985814389365,2.73365590115561,wave,wave,wave
299,wave,3.07553120099008,8.07692310319309,18.4986148194333,-14.4668206757849,2.25228049040525,wave,wave,wave
300,wave,3.49264488962544,7.16715480040576,16.7147390976221,-12.1630881771077,2.95933896079153,wave,wave,wave
301,wave,3.1133962933116,7.53938769891546,17.329389980811,-13.1969750020001,2.4750046798202,wave,wave,wave
302,wave,3.37042897623734,7.90469459504592,18.3576104442157,-13.9839487928484,2.58950191360072,wave,wave,wave
303,wave,2.97617675889649,7.61186525735527,18.0039168472248,-14.043332976857,2.42626433889901,wave,wave,wave
304,wave,3.22079375250844,8.05448627715547,18.0686705636268,-13.8458149184309,2.17260582509103,wave,wave,wave
305,wave,3.28338909971283,7.835810191014,18.439002252511,-14.1712468774177,2.614517825754,wave,wave,wave
306,wave,3.15722963027165,7.72953947939779,18.3216409563153,-14.1689085575465,2.64728042814392,wave,wave,wave
307,wave,3.53318752580525,7.7761054400275,17.3089456600989,-12.7490690698973,2.59213765210897,wave,wave,wave
308,wave,2.95796824813724,7.71672148448051,17.8844248561155,-13.9290514277778,2.31538387191911,wave,wave,wave
309,wave,2.98685572478616,7.14370270565805,17.5519565050368,-13.5561738913656,2.86243964626725,wave,wave,wave
310,wave,3.25000520181086,7.94231057962138,18.1780427596201,-13.9211550995513,2.44934806554485,wave,wave,wave
311,wave,3.33192255365705,7.7763055916473,18.0337779052754,-13.7015055949478,2.51813524222293,wave,wave,wave
312,wave,3.39168382075037,8.21407565795386,17.8848429259657,-13.4872688213881,2.22546954711765,wave,wave,wave
313,wave,3.07095322069476,7.83867303414018,18.4735134798149,-14.4315913837659,2.4702771065268,wave,wave,wave
314,wave,3.4513254926776,7.76405524999467,18.2145107930384,-13.7537909288928,2.705100878514,wave,wave,wave
315,wave,3.10420562484056,7.83545214881083,18.3696917035714,-14.2839251803919,2.46421014774843,wave,wave,wave
316,wave,3.28870258189967,7.7299867110081,18.0607146532155,-13.7633538487467,2.60255430676679,wave,wave,wave
317,wave,3.11193257377238,7.45412485079101,17.4433076687734,-13.3013133320843,2.56358360071844,wave,wave,wave
318,wave,3.42153332799802,7.19998692031894,16.9708457549591,-12.5216982293725,2.91925766627487,wave,wave,wave
319,wave,3.17886900516139,8.19998976953563,18.8698964235557,-14.7389963443939,2.38190975675734,wave,wave,wave
320,wave,3.31874200050154,7.72675785848943,17.7532694534089,-13.4072029125984,2.55776378207498,wave,wave,wave
321,wave,3.07149199460158,8.10495489185698,18.9088121651,-14.8992659206032,2.38840287919094,wave,wave,wave
322,wave,3.36876956224795,7.68904003834628,17.7783669940369,-13.3872320205678,2.62434662323208,wave,wave,wave
323,wave,2.8683222607126,7.10245973948425,17.2571309913919,-13.3869678356927,2.73275187038218,wave,wave,wave
324,wave,3.2999317849384,7.61108472338698,18.0734044797129,-13.7612488467403,2.73350098989737,wave,wave,wave
325,wave,3.13498497226088,8.17699081824401,18.5248146528057,-14.4165907922112,2.26535662934126,wave,wave,wave
326,wave,3.40609519672506,7.83868329516036,17.6070294634435,-13.1891965944197,2.5328589742399,wave,wave,wave
327,wave,3.22181944019231,7.72375688645174,18.1046138795121,-13.883181417969,2.54497772374452,wave,wave,wave
328,wave,3.02572467296845,7.54926519969302,17.974415223559,-13.9547296933586,2.60082794496468,wave,wave,wave
329,wave,3.36227914361195,7.94731924081561,18.1018304150465,-13.7413769260705,2.44381671725345,wave,wave,wave
330,wave,3.28109386965113,7.74561365048993,18.3606112172956,-14.0735144938517,2.62972328391661,wave,wave,wave
331,wave,2.97995846190563,7.79104357970936,18.4309239243513,-14.460523357759,2.48650600915133,wave,wave,wave
332,wave,3.0780755291492,7.88804110629718,18.5557458324937,-14.5014726579616,2.48934517740647,wave,wave,wave
333,wave,3.41770495809314,8.05720414623193,17.6380562116705,-13.2069621471023,2.34939555310462,wave,wave,wave
334,wave,3.20305315864931,8.0592503507716,18.112186889262,-13.9255590658463,2.17541547946337,wave,wave,wave
335,wave,3.30611527653248,7.55139806887148,17.9012022191916,-13.5833276817071,2.7377695959628,wave,wave,wave
336,wave,3.41347707738428,7.58388752701893,17.7446869945993,-13.2973473024427,2.80067908629003,wave,wave,wave
337,wave,3.31016563054331,8.0875141086331,18.0747005305594,-13.7633174602905,2.32759481106748,wave,wave,wave
338,wave,3.22382020638361,7.87555707109913,18.1837677616246,-13.9786866844455,2.41525032838734,wave,wave,wave
339,wave,3.04495697700745,7.66040314163774,17.6194088203037,-13.5648220850718,2.39181573648046,wave,wave,wave
340,wave,3.43105733823624,7.79674809100071,17.5793717679952,-13.1215021588535,2.57985114095272,wave,wave,wave
341,wave,3.1121002799204,7.80078507505279,18.1847767676554,-14.0901790549481,2.39303822425195,wave,wave,wave
342,wave,3.2596339527934,7.66580856924963,18.056065527168,-13.782645875754,2.59868669139886,wave,wave,wave
343,wave,2.95704917234442,7.39824750420533,17.8963233762202,-13.9377247331039,2.74092157040598,wave,wave,wave
344,wave,3.15276438112169,7.79739496590458,18.4678885121779,-14.3142624985818,2.63454894727152,wave,wave,wave
345,wave,3.09514696217692,7.41001552631283,17.7156191088206,-13.628225923132,2.66440245571804,wave,wave,wave
346,wave,3.02984650693444,7.47045919737612,17.633872394868,-13.5716329508428,2.60817705575451,wave,wave,wave
347,wave,3.23262457290674,7.76197804215469,18.2152596319662,-13.9968781220159,2.55757234867707,wave,wave,wave
348,wave,3.10524222321968,7.52228282399025,17.9065456717358,-13.8012100796331,2.64332696061733,wave,wave,wave
349,wave,3.61610967393674,8.02541195623573,18.0984985779098,-13.4744507794339,2.59570636978644,wave,wave,wave
350,wave,3.10013568121577,7.80532256870918,18.352634296864,-14.2618005800088,2.46983922078604,wave,wave,wave
351,wave,3.40851616277305,7.79581033965621,17.6712841235336,-13.2420172008777,2.56414271302643,wave,wave,wave
352,wave,3.29335381865145,7.88987072198246,18.7774789832025,-14.5239152546703,2.69576567491102,wave,wave,wave
353,wave,3.36664646799273,7.70783849581652,17.8690860902607,-13.4814027336326,2.64352667758418,wave,wave,wave
354,wave,3.1553370554871,7.56316869092357,17.7261332042515,-13.5671978625443,2.54096197515986,wave,wave,wave
355,wave,2.93464914004222,8.13674315099945,18.6778194149894,-14.7864002848725,2.07208252972413,wave,wave,wave
356,wave,3.00666232071602,7.89872856872792,18.3185919102254,-14.3355738119131,2.33037273232263,wave,wave,wave
357,wave,3.528017970991,8.29241946761891,18.5349891031859,-14.0086884472097,2.42804866643746,wave,wave,wave
358,wave,3.19678939841042,7.64604351052849,18.0180456530295,-13.8186074605228,2.62332552065839,wave,wave,wave
359,wave,3.33605886039062,7.62172740378298,17.5126772536197,-13.158005787084,2.64725926536812,wave,wave,wave
360,wave,3.29720857925948,8.18232356013212,18.4725506178547,-14.2054726248146,2.33980538798558,wave,wave,wave
361,wave,2.94782472318565,7.49571028054894,17.7613614085766,-13.8052352438728,2.51266347232467,wave,wave,wave
362,wave,3.37179821233488,7.74684288873863,17.817705484549,-13.430151897951,2.6265727236228,wave,wave,wave
363,wave,3.08742857071733,7.70699773746529,18.2864279209711,-14.2141199086968,2.49004100436962,wave,wave,wave
364,wave,3.26444710260847,7.87826651622491,17.8961421667798,-13.6390831931542,2.41840978269384,wave,wave,wave
365,wave,3.2158530704097,7.99116334374734,18.4171678843908,-14.1996663329805,2.44773091377396,wave,wave,wave
366,wave,3.23684788286794,7.09546588587512,17.4321801046596,-13.1729881631737,3.00168441568672,wave,wave,wave
367,wave,3.29105322759734,7.98209567075092,18.2985071459099,-14.0040079561946,2.48083383806573,wave,wave,wave
368,wave,3.14150610894063,7.91565428737954,17.9481062511743,-13.8159795438041,2.30000565341949,wave,wave,wave
369,wave,3.60158719289394,8.01214349657326,17.8353587783682,-13.1982808680656,2.61339157429075,wave,wave,wave
370,wave,3.16042162879481,8.00445789015978,18.7863568803535,-14.6634741066988,2.52084910965851,wave,wave,wave
371,wave,3.17166174395416,7.56172765207149,17.7650984472682,-13.5849807490512,2.57636098763754,wave,wave,wave
372,wave,3.10514201980974,7.50822144981071,17.9044765406298,-13.8051116927034,2.59166106066581,wave,wave,wave
373,wave,2.86432558119844,7.72848923959682,18.2399865540901,-14.3910545183778,2.37096910774859,wave,wave,wave
374,wave,3.09545158810077,7.82894907884342,18.3625579729574,-14.275502006128,2.47642834443184,wave,wave,wave
375,wave,3.34776519797172,8.38251280792026,18.6727295379028,-14.3646234440949,2.17262472467898,wave,wave,wave
376,wave,3.4244420573872,7.85862822261724,17.8852685640759,-13.4567564499366,2.54473630109696,wave,wave,wave
377,wave,3.27733560588633,7.51868546985369,17.1096885616312,-12.7952954648218,2.52191670472147,wave,wave,wave
378,wave,3.15360578953438,7.35478084063913,17.7826740914608,-13.6213046055619,2.81657868423155,wave,wave,wave
379,wave,3.09490537926738,7.97702081569696,18.3490081725441,-14.2657566340365,2.36302790554776,wave,wave,wave
380,wave,3.45731954207415,8.07701526323298,18.4551030763607,-14.005988067452,2.52409721632261,wave,wave,wave
381,wave,3.0880140437736,7.54366800690158,17.9658415638555,-13.87930948015,2.65802871456994,wave,wave,wave
382,wave,3.20149627947367,7.58192480374936,17.6267443391183,-13.4115666370026,2.54217128737737,wave,wave,wave
383,wave,2.91039762106132,7.60555118114624,18.2135598095093,-14.3257179237281,2.45400088879879,wave,wave,wave
384,wave,3.05036740778138,7.85076265888113,18.4653076823727,-14.4486846954742,2.34935970772881,wave,wave,wave
385,wave,3.11059414541647,7.58436602926258,18.0084191740312,-13.9077546024047,2.62808602144092,wave,wave,wave
386,wave,3.43434703659118,7.73591868825013,17.6344067769017,-13.1651008557094,2.69873508079693,wave,wave,wave
387,wave,3.09845555160125,7.72103830499297,18.2380504316102,-14.1509521261872,2.5149507097823,wave,wave,wave
388,wave,3.22276778935826,7.55393342563588,17.8349174813239,-13.6097756092673,2.64091213305782,wave,wave,wave
389,wave,3.09064906598364,7.41253816578588,17.3020898524332,-13.1861378801506,2.60329750717267,wave,wave,wave
390,wave,3.255920588718,7.85143252716477,18.4195229194478,-14.1746257219181,2.57923304930471,wave,wave,wave
391,wave,3.04169977541073,7.95485266201082,18.1642430752594,-14.1419945914752,2.19854875328421,wave,wave,wave
392,wave,3.08094874837661,7.840356319021,18.3965943212162,-14.3329720284895,2.43379454704663,wave,wave,wave
393,wave,3.36410976875087,7.67892232322356,17.626647745484,-13.2452545070626,2.60486025783716,wave,wave,wave
394,wave,3.134853093464,7.8040821734411,18.0989784989533,-13.9572349210448,2.4296095546576,wave,wave,wave
395,wave,3.30568420387815,7.75575782938167,18.2613816442513,-13.9401206942223,2.59872565936379,wave,wave,wave
396,wave,3.27429309829658,7.98000225921484,17.8067879125777,-13.5188359030884,2.3465317007846,wave,wave,wave
397,wave,3.34177969652572,7.35222266016192,17.3408452618461,-12.971306364369,2.8131643761331,wave,wave,wave
398,wave,3.13265027464606,7.91857139861415,18.4969837923031,-14.3797552166337,2.44598106310215,wave,wave,wave
399,wave,3.14637781223237,7.95400260386767,18.2940150864114,-14.1811083535769,2.37063950663232,wave,wave,wave
400,wave,3.0866103527864,7.43257218091555,17.6033955044547,-13.5079173124403,2.62537417548567,wave,wave,wave
401,wave,3.13672904637472,7.78382373769748,18.3398081197969,-14.2289252098416,2.52889917877226,wave,wave,wave
402,wave,3.38162075352964,7.62105728832002,17.9536064322904,-13.5528139867959,2.72172956214491,wave,wave,wave
403,wave,3.21431372908444,8.20464788560227,18.4008590504745,-14.2111638300741,2.2359954660602,wave,wave,wave
404,wave,3.40371765862136,7.98252839872471,18.055168115868,-13.6391759646132,2.49788365807437,wave,wave,wave
405,wave,3.00187780806151,7.50702431297158,17.724803279874,-13.7251619020651,2.53319323731309,wave,wave,wave
406,wave,3.06754932270151,7.73472143079993,18.0625030966238,-13.9791711607757,2.44961462730284,wave,wave,wave
407,wave,3.24600926312733,7.73603134422551,18.1678167633285,-13.9159500500947,2.56271317272254,wave,wave,wave
408,wave,3.15389656503581,8.14322314285258,18.3871441239992,-14.2526643154485,2.22918080341832,wave,wave,wave
409,wave,3.28438536302549,7.69168295201803,18.2275158740109,-13.941634972271,2.71259995082907,wave,wave,wave
410,wave,3.22808550768544,7.70162729869953,18.0283951700199,-13.7878895774505,2.56021537168284,wave,wave,wave
411,wave,3.24190624533022,6.81247028131116,16.4834600574493,-12.1991282309197,3.05398228232368,wave,wave,wave
412,wave,3.26182617812371,8.3505200195293,19.3700655184349,-15.1889501343543,2.42700765637847,wave,wave,wave
413,wave,3.32531803273126,7.86868406056444,18.0470068135297,-13.7120991311043,2.51193164535922,wave,wave,wave
414,wave,3.44950271046078,8.19266188315783,18.0586203977883,-13.5852820463778,2.39690402288191,wave,wave,wave
415,wave,3.36474744566644,7.73493204740279,17.9523059155078,-13.5801793349186,2.58099797951516,wave,wave,wave
416,wave,3.07052096199514,7.67374426279083,18.2097727697802,-14.1580911743321,2.59373945054754,wave,wave,wave
417,wave,3.4710956752422,8.06717124825884,18.4361079831877,-13.9670998160114,2.4911636461189,wave,wave,wave
418,wave,2.89528662317601,7.5921754820342,18.2087079668563,-14.3478969415354,2.41899554790532,wave,wave,wave
419,wave,3.24757305876017,7.76214930914123,17.9228884313042,-13.6597189953189,2.53291561073636,wave,wave,wave
420,wave,3.30275132750184,7.99393486630569,18.4373274490597,-14.1341137267184,2.49347410668444,wave,wave,wave
421,wave,3.40560099984154,7.80158845203831,17.6818911611135,-13.2622734178754,2.53016014871069,wave,wave,wave
422,wave,3.06400258021193,7.77624471919187,17.9511148337286,-13.895486571105,2.35843552768694,wave,wave,wave
423,wave,3.14143136637797,7.36125761962317,17.7077533070978,-13.5462726267817,2.79349599707227,wave,wave,wave
424,wave,3.623747700292,7.50866135680726,17.0203298045706,-12.3642899766737,2.82177519620637,wave,wave,wave
425,wave,3.16441157793594,7.64904279227809,18.0634882692054,-13.892610955221,2.56864696311363,wave,wave,wave
426,wave,3.52318115272434,8.32195976369886,18.4227211182244,-13.8954670654405,2.33623624110318,wave,wave,wave
427,wave,3.12239550810022,7.69357511083273,17.9669226462261,-13.8530351256723,2.43891270042217,wave,wave,wave
428,wave,3.16860732040326,7.28209029175125,17.6048306648547,-13.4255957157123,2.80863154373649,wave,wave,wave
429,wave,3.19888408621333,7.96361177259676,18.1639506585679,-13.9693134932765,2.36055599504245,wave,wave,wave
430,wave,3.23475606191735,7.77490991766749,18.1797661371299,-13.9513848158065,2.55109322385475,wave,wave,wave
431,wave,3.05733722139328,7.63171998387831,17.819311544042,-13.7508837528986,2.48818685593327,wave,wave,wave
432,wave,3.16890413705151,7.90731706086422,18.2662895584812,-14.1072979894987,2.40217253852013,wave,wave,wave
433,wave,3.25114013664865,7.8794725031758,17.8531899155929,-13.6019628220763,2.41247586918217,wave,wave,wave
434,wave,3.25467659495336,8.01083261545672,18.2527524843042,-14.0063024128133,2.39865481845588,wave,wave,wave
435,wave,3.26139387349852,7.22006575767683,17.4816774895778,-13.1929342012952,2.90735494721149,wave,wave,wave
436,wave,2.95534874341317,7.56017507952843,18.0078800948499,-14.0645959513096,2.53504645574521,wave,wave,wave
437,wave,3.26983448953711,8.29667622861903,18.7952764929624,-14.5584379627888,2.36480904470817,wave,wave,wave
438,wave,3.32009305115747,7.45527915753222,16.8991960262413,-12.5319130897628,2.62055934467739,wave,wave,wave
439,wave,3.37972236559178,7.75518531240191,17.8537769950812,-13.4546195831289,2.57627957270296,wave,wave,wave
440,wave,3.18627442952787,7.76750771076274,18.596657481696,-14.4435758223799,2.70744902941501,wave,wave,wave
441,wave,3.03389898861306,7.92448872005128,18.3023250791195,-14.2845025841904,2.30658991649838,wave,wave,wave
442,wave,3.3034562326515,7.59641031933393,17.5402049231931,-13.2302280552882,2.59025852448593,wave,wave,wave
443,wave,3.2234865269675,7.63847080151125,18.0072993341902,-13.7627166076947,2.66932019338718,wave,wave,wave
444,wave,3.34137659728361,7.69766383589716,17.7961767484578,-13.4375885841921,2.63778436519992,wave,wave,wave
445,wave,3.15015735706965,7.66002972639117,18.1559809563336,-14.013354270882,2.52446172149271,wave,wave,wave
446,wave,2.86243440983618,8.0239290063466,18.5093363849828,-14.6891184035376,2.04724389386103,wave,wave,wave
447,wave,3.1630019518292,7.57136937105792,17.5972077417572,-13.4152258709757,2.56285595383914,wave,wave,wave
448,wave,3.11038830102786,8.03941254145991,18.3751728543446,-14.302872111272,2.256604814272,wave,wave,wave
449,wave,2.97314592479139,7.67645136322743,17.9426343614153,-13.9587323293089,2.39325962272554,wave,wave,wave
450,wave,3.29225358783091,7.68958507462285,17.9230149239548,-13.6279532600059,2.64987656413841,wave,wave,wave
451,wave,3.23899785363938,8.16853183227295,18.5282564753406,-14.3056788221721,2.29120093477619,wave,wave,wave
452,wave,3.26552761532311,7.52043422956534,17.3584460690212,-13.0691474695735,2.54361234348503,wave,wave,wave
453,wave,3.04574796783788,7.36816549349175,17.9170822646153,-13.8821787831822,2.82100570242414,wave,wave,wave
454,wave,3.59840812721908,8.07510015884724,18.4558595631654,-13.8437041121403,2.6281365229018,wave,wave,wave
455,wave,3.15225130077098,7.77127772050978,18.0661680475274,-13.9207959050938,2.42538543976934,wave,wave,wave
456,wave,3.09381706155742,7.9372041268634,17.8383637173698,-13.7539850007033,2.21199019712005,wave,wave,wave
457,wave,3.21847206601033,7.44358857084074,17.5663831950206,-13.3260778788902,2.66815468958741,wave,wave,wave
458,wave,3.16222832483923,7.51652587342336,17.682572496846,-13.5024477183505,2.63340273535285,wave,wave,wave
459,wave,3.83183733774267,8.29271867059056,17.9310086045516,-13.0739928440487,2.59082371153089,wave,wave,wave
460,wave,2.95032133284446,7.80329731634568,18.3902000601314,-14.4662610346053,2.40901090517067,wave,wave,wave
461,wave,3.38433153628776,7.82964654142543,18.3333917297089,-13.9401022642272,2.68818988732655,wave,wave,wave
462,wave,3.09572538810693,7.51597059148326,17.9968415658955,-13.9105784933343,2.66754620990888,wave,wave,wave
463,wave,3.40702494396499,8.02719476873174,17.8774039671097,-13.465181952344,2.44890953575855,wave,wave,wave
464,wave,3.51651405427943,7.7698086991834,17.6348261045693,-13.0953587843292,2.64728303423394,wave,wave,wave
465,wave,3.3339451260288,7.50753069232712,18.1883552962199,-13.8731100461632,2.95856189321005,wave,wave,wave
466,wave,3.4054246258683,7.97183086517537,18.4197455344889,-14.0141205401402,2.60127728385023,wave,wave,wave
467,wave,3.04475460944641,7.68089996861673,17.9199166700366,-13.8730099472031,2.39601946897731,wave,wave,wave
468,wave,3.30960997492087,7.95391535022889,18.3837148368909,-14.0948577855631,2.45830435632876,wave,wave,wave
469,wave,3.21687635832375,7.967822215693,18.2402312964695,-14.0329381205207,2.38878154523594,wave,wave,wave
470,wave,3.13577250371391,7.41152201991985,17.4188744063377,-13.2684211334424,2.6500042943395,wave,wave,wave
471,wave,3.06065187840291,8.28132391876645,18.7925760857413,-14.7720819682354,2.18171891082399,wave,wave,wave
472,wave,3.06805901003983,7.33194092175028,17.2038556943587,-13.1106089856915,2.56207177749339,wave,wave,wave
473,wave,3.49941261664463,7.63342258357,17.6054925386817,-13.0677077159852,2.80682873009559,wave,wave,wave
474,wave,3.07519720128643,7.79858714698394,18.5668572237498,-14.5217895241119,2.62350966062782,wave,wave,wave
475,wave,3.31749889437415,7.81921145172462,17.7578080328397,-13.417553920848,2.47336579598457,wave,wave,wave
476,wave,3.22570322897562,8.20459362399256,18.5404241059674,-14.3519041987806,2.27708977584166,wave,wave,wave
477,wave,2.85796672509167,7.61681473796532,18.1360487585973,-14.2920515477343,2.43249755707679,wave,wave,wave
478,wave,3.09087094968356,7.53114582932016,17.8655368392089,-13.7621100379893,2.62366651145265,wave,wave,wave
479,wave,3.21492444899609,7.51897011768398,18.0806890032882,-13.8787241629009,2.70902313095978,wave,wave,wave
480,wave,3.10819119282896,7.52320982333787,17.7595046903331,-13.6192852867456,2.64034258383745,wave,wave,wave
481,wave,3.27722273155222,7.74013768266645,18.2021829733714,-13.9320249137152,2.59714265889417,wave,wave,wave
482,wave,3.16554563552723,7.8039364501912,17.6887665287892,-13.5203364325465,2.35305570320913,wave,wave,wave
483,wave,3.81852576988414,8.14914229167963,17.6025337365764,-12.7544433353873,2.61954739021552,wave,wave,wave
484,wave,3.06305666663121,7.77600760689378,18.3957431962228,-14.3516010041066,2.51846788606472,wave,wave,wave
485,wave,3.35008379601128,8.17005537231058,17.9293028633005,-13.5770023798874,2.29142958779861,wave,wave,wave
486,wave,3.01748092952397,7.37292280132933,17.5759343744186,-13.5421513396033,2.56904329610872,wave,wave,wave
487,wave,3.43281429246935,7.74314341669939,18.1396456881526,-13.6796225145367,2.74565036032564,wave,wave,wave
488,wave,3.07001219794496,7.24388014982438,17.3834268917254,-13.2922837273819,2.73559370550683,wave,wave,wave
489,wave,3.05238027302503,8.1422581162362,18.8602048670694,-14.8596759965924,2.29928762199424,wave,wave,wave
490,wave,3.35844676389425,7.91898128837423,18.0874120634806,-13.7198498887231,2.49343414785651,wave,wave,wave
491,wave,3.2361748144137,8.01267964308889,18.03664108534,-13.8006034569366,2.33766325482566,wave,wave,wave
492,wave,3.33620279523552,7.9605112266238,18.6212095866764,-14.2995361228633,2.55372229358548,wave,wave,wave
493,wave,2.81793493359099,7.01908405959945,17.5135563269293,-13.6998407390802,2.8827598363183,wave,wave,wave
494,wave,3.54239992399566,7.89143765049576,17.4652517553494,-12.8928503413896,2.55751134111844,wave,wave,wave
495,wave,3.19113562399571,7.69555964263233,18.214905874745,-14.0364584562828,2.6183025497231,wave,wave,wave
496,wave,3.20536898927942,7.76067513347519,18.2969192443196,-14.0947883401173,2.55984137159458,wave,wave,wave
497,wave,3.52435267654029,7.99427739701297,17.5310679429224,-12.9817180767908,2.46865650414054,wave,wave,wave
498,wave,2.90866965980178,7.47139704201775,17.7519227070169,-13.8446015999965,2.46111624761547,wave,wave,wave
499,wave,3.25069105046053,7.59656282511914,17.8569142408087,-13.6014768877389,2.6397639278978,wave,wave,wave
500,wave,3.21646116885262,7.47948567090084,17.6402889483477,-13.3947124756873,2.71224485695272,wave,wave,wave
